{
    "@type": "ModComponentAPI.ModBlueprint",
    "RequiredGear": ["GEAR_ScrapMetal"],
    "RequiredGearUnits": [3],
    "KeroseneLitersRequired": 0,
    "GunpowderKGRequired": 0,
    "RequiredTool": "GEAR_Hammer",
    "OptionalTools": [],
    "RequiredCraftingLocation": "Forge",
    "RequiresLitFire": false,
    "RequiresLight": true,
    "CraftedResult": "GEAR_ArrowHead",
    "CraftedResultCount": 7,
    "DurationMinutes": 180,
    "CraftingAudio": "PLAY_CraftingMetal",
    "AppliedSkill" : "None",
    "ImprovedSkill" : "None"
}