{
    "@type": "ModComponentAPI.ModBlueprint",
    "RequiredGear": ["GEAR_ScrapMetal","GEAR_Hardwood"],
    "RequiredGearUnits": [10,1],
    "KeroseneLitersRequired": 0,
    "GunpowderKGRequired": 0,
    "RequiredTool": "",
    "OptionalTools": [],
    "RequiredCraftingLocation": "Forge",
    "RequiresLitFire": false,
    "RequiresLight": true,
    "CraftedResult": "GEAR_Hammer",
    "CraftedResultCount": 1,
    "DurationMinutes": 300,
    "CraftingAudio": "PLAY_CraftingMetal",
    "AppliedSkill" : "None",
    "ImprovedSkill" : "None"
}