{
    "@type": "ModComponentAPI.ModBlueprint",
    "RequiredGear": ["GEAR_ArrowHead"],
    "RequiredGearUnits": [10],
    "KeroseneLitersRequired": 0,
    "GunpowderKGRequired": 0,
    "RequiredTool": "GEAR_Hammer",
    "OptionalTools": [],
    "RequiredCraftingLocation": "Forge",
    "RequiresLitFire": false,
    "RequiresLight": true,
    "CraftedResult": "GEAR_ScrapMetal",
    "CraftedResultCount": 3,
    "DurationMinutes": 15,
    "CraftingAudio": "PLAY_CraftingMetal",
    "AppliedSkill" : "None",
    "ImprovedSkill" : "None"
}